2mm,"[-0.0005409717559814453, 1.9788742065429688e-05, -0.03964662551879883, -0.0018258094787597656, 0.00032591819763183594, -0.04600071907043457, 0.019338130950927734, 0.00012373924255371094, -0.016158342361450195, -0.0003955364227294922, 0.006273508071899414, -0.024105310440063477, 6.413459777832031e-05, -0.0015497207641601562, -0.019642114639282227, -0.00010156631469726562, 0.0003554821014404297, -0.030286550521850586, -8.940696716308594e-05, -0.0001289844512939453, -0.03260540962219238, -3.910064697265625e-05, -0.00040602684020996094, -0.023487567901611328, -0.00015354156494140625, 0.000331878662109375, -0.025925636291503906, -0.0020990371704101562, -0.001020669937133789, -0.02667689323425293, -0.0015418529510498047, -0.0004963874816894531, -0.00923776626586914, 0.03743910789489746, -0.0001933574676513672, -0.010629892349243164, -0.0014157295227050781, -0.0002689361572265625, 0.0004203319549560547, -8.463859558105469e-05, 0.0003151893615722656, -0.02747511863708496, -0.0011019706726074219, -1.9311904907226562e-05, -0.03172111511230469]"
3mm,"[0.0007300376892089844, -0.029743432998657227, 0.0005381107330322266, -6.937980651855469e-05, 0.025394439697265625, 0.00011539459228515625, 0.00535893440246582, -0.00020265579223632812, 0.00020837783813476562, 0.01804947853088379, 4.744529724121094e-05, -0.026012897491455078, -0.002889394760131836, 0.0001671314239501953, 0.04069089889526367, -0.00033164024353027344, -0.01721644401550293, -0.00014257431030273438, -0.00040411949157714844, 0.03256869316101074, -0.06141304969787598, -0.020294189453125, -0.00047135353088378906, 0.009799480438232422, 0.0332944393157959, 0.00018978118896484375, -0.03415322303771973, 0.001875162124633789, 0.00018858909606933594, 0.025331974029541016, -0.0006654262542724609, -0.03502345085144043, -0.00048732757568359375, 0.02593827247619629, 0.02376246452331543, 0.036962032318115234, -0.02674269676208496, 0.00015211105346679688, 0.036195993423461914, 0.027217388153076172, 5.078315734863281e-05, -0.030590057373046875, 0.0010123252868652344, 0.0010418891906738281, 0.0576019287109375]"
adi,"[0.0008077621459960938, -0.0007131099700927734, -0.0017752647399902344, -0.001184225082397461, 0.0018093585968017578, -0.0011217594146728516, 0.040586233139038086, -0.0005295276641845703, 0.00031828880310058594, 0.0005872249603271484, -0.0013713836669921875, 0.0020301342010498047, -0.005717039108276367, 0.002781391143798828, -0.0011026859283447266, -0.0027506351470947266, -0.0015707015991210938, -1.430511474609375e-05, 0.002637147903442383, -8.177757263183594e-05, 0.006772041320800781, -0.0012667179107666016, -0.001155853271484375, 0.04504132270812988, 0.0021576881408691406, -0.006948709487915039, 0.0003139972686767578, 0.018843650817871094, -0.00021505355834960938, -0.002505064010620117, -0.0006906986236572266, -0.0005207061767578125, 0.00037026405334472656, 0.07572054862976074, -0.0006837844848632812, 0.06775045394897461, -0.00038170814514160156, -0.0014801025390625, 0.06901431083679199, 0.00033545494079589844, -0.0008797645568847656, 0.0010366439819335938, 0.0005986690521240234, 0.0012857913970947266, -0.0012657642364501953]"
atax,"[-0.008053779602050781, -0.03363156318664551, -0.0004706382751464844, -0.00034356117248535156, 0.010959625244140625, -0.0003399848937988281, 0.02388620376586914, 0.011664390563964844, -0.011483430862426758, 0.01780843734741211, -0.00044083595275878906, -8.249282836914062e-05, 1.8358230590820312e-05, -0.0048067569732666016, 8.606910705566406e-05, -0.0005333423614501953, -0.02919483184814453, -3.981590270996094e-05, 0.0003657341003417969, 0.032781362533569336, 0.0016684532165527344, 0.011956453323364258, -0.004586458206176758, 0.017421245574951172, 0.011614561080932617, -0.00036907196044921875, -0.013042926788330078, 0.0026068687438964844, 0.0005030632019042969, -6.699562072753906e-05, -8.821487426757812e-05, 0.0002684593200683594, -0.015524148941040039, 0.04622173309326172, 0.01168513298034668, 0.034752845764160156, -0.00035119056701660156, -7.081031799316406e-05, 0.050310611724853516, -0.00043487548828125, 0.0008108615875244141, -0.023338794708251953, 6.4373016357421875e-06, -0.0003249645233154297, -0.00022125244140625]"
bicg,"[0.0036079883575439453, 0.00020194053649902344, 0.002835988998413086, -0.0051784515380859375, 0.0047948360443115234, 0.0007307529449462891, 0.05329275131225586, -0.0002868175506591797, 0.00046706199645996094, -0.00014734268188476562, 0.0003566741943359375, -0.0048465728759765625, -0.0005271434783935547, 0.0024118423461914062, -0.005823373794555664, 3.075599670410156e-05, 0.004923820495605469, -0.0013861656188964844, -0.00655055046081543, -1.1444091796875e-05, -0.002855062484741211, -0.0016169548034667969, -0.005676746368408203, 0.02759265899658203, 0.0049800872802734375, 0.0003879070281982422, -0.0008661746978759766, 0.008908987045288086, -0.0005364418029785156, 0.0004773139953613281, -0.0008015632629394531, 0.006395816802978516, -0.00013709068298339844, 0.06873178482055664, 0.0008478164672851562, 0.05505561828613281, 0.0013303756713867188, -0.00574493408203125, 0.04961681365966797, -7.939338684082031e-05, -0.00013971328735351562, -7.891654968261719e-05, -0.009671211242675781, 0.005666017532348633, 0.005913257598876953]"
cholesky,"[-0.0007469654083251953, -5.054473876953125e-05, -0.03218483924865723, -0.000118255615234375, 5.91278076171875e-05, -0.00020551681518554688, 0.02857685089111328, -4.220008850097656e-05, -0.00024080276489257812, -0.020737171173095703, -1.2874603271484375e-05, -0.0013480186462402344, -9.5367431640625e-05, 0.025629043579101562, -5.888938903808594e-05, 0.00033664703369140625, -0.022062063217163086, -0.00013756752014160156, -0.0004508495330810547, 0.01447606086730957, 0.03961896896362305, 0.0001494884490966797, 3.0517578125e-05, -0.010547637939453125, -4.38690185546875e-05, -6.079673767089844e-05, 0.000301361083984375, 0.03366494178771973, -0.0006275177001953125, 0.00017976760864257812, -0.05267691612243652, 0.0006620883941650391, -0.00046253204345703125, 0.018440961837768555, 0.03546404838562012, 0.015120744705200195, -0.00025010108947753906, -0.01682591438293457, 0.014816522598266602, 9.965896606445312e-05, 0.000522613525390625, 0.017406463623046875, -0.00045561790466308594, -0.00018548965454101562, -0.02684783935546875]"
correlation,"[0.0007231235504150391, -0.00015997886657714844, -0.004217863082885742, -3.910064697265625e-05, -0.0003898143768310547, -0.0001518726348876953, 0.026300430297851562, 0.018341064453125, -0.00036787986755371094, -0.001405477523803711, -0.00045228004455566406, -0.007608652114868164, 0.0004241466522216797, -0.0015490055084228516, -0.0008957386016845703, 0.0014696121215820312, -0.0003254413604736328, 0.012501716613769531, -0.019562482833862305, -0.00750732421875, 0.0067234039306640625, -5.841255187988281e-05, 2.7418136596679688e-05, 0.04434370994567871, -0.00016117095947265625, -9.775161743164062e-06, -0.00018477439880371094, 0.0026650428771972656, 0.0010869503021240234, -0.00013780593872070312, 0.0008664131164550781, -0.0007748603820800781, 0.001973390579223633, 0.08054065704345703, 0.00011086463928222656, 0.05573892593383789, 0.0010652542114257812, -0.00045752525329589844, 0.05504941940307617, 0.0009441375732421875, -0.0003745555877685547, 0.0012955665588378906, 0.0025022029876708984, 0.0005426406860351562, -3.838539123535156e-05]"
covariance,"[0.0001766681671142578, 0.0010631084442138672, -0.0027675628662109375, -0.002413034439086914, -0.0003795623779296875, 0.0004134178161621094, 0.006641387939453125, -0.0006780624389648438, 0.0011479854583740234, -0.00044846534729003906, -0.00030803680419921875, -0.002689361572265625, -0.0002930164337158203, -0.0032875537872314453, -0.0007891654968261719, -0.0013136863708496094, 0.0005233287811279297, 0.00014019012451171875, -0.0014355182647705078, 0.0001125335693359375, -0.0034034252166748047, -0.0002627372741699219, 0.00027823448181152344, 0.010657072067260742, -0.0008420944213867188, 0.0007612705230712891, -4.601478576660156e-05, 0.004343748092651367, 0.0007200241088867188, 0.00018739700317382812, 0.0002110004425048828, -6.008148193359375e-05, 0.0005707740783691406, 0.02471923828125, 0.00014257431030273438, 0.016341686248779297, 0.01690816879272461, -0.00015997886657714844, 0.016005277633666992, -0.024621009826660156, 0.0002732276916503906, -0.00019478797912597656, -0.002292156219482422, -8.463859558105469e-05, -0.0003848075866699219]"
deriche,"[0.022353172302246094, -0.0025396347045898438, -0.0010187625885009766, -0.0005671977996826172, 0.0008566379547119141, 3.3855438232421875e-05, 0.027378559112548828, -0.0025527477264404297, 0.0017807483673095703, -0.0004811286926269531, -0.00020694732666015625, 0.0021779537200927734, -0.0011992454528808594, -0.0023610591888427734, -0.0009438991546630859, -0.00045228004455566406, -0.00049591064453125, 0.0024862289428710938, -0.0005209445953369141, -0.0011029243469238281, 0.0018100738525390625, 0.0009675025939941406, -0.0006539821624755859, 0.01202535629272461, 0.0005440711975097656, 0.001817941665649414, -0.0008246898651123047, 0.004817962646484375, -0.0014142990112304688, 0.00025653839111328125, -9.489059448242188e-05, 8.654594421386719e-05, 0.0006730556488037109, 0.04468846321105957, -0.00021982192993164062, 0.04696345329284668, 0.0014982223510742188, 0.0013356208801269531, 0.04887652397155762, 0.0006673336029052734, -0.001550436019897461, -0.007021665573120117, -0.0006365776062011719, -0.001056671142578125, -0.0002002716064453125]"
doitgen,"[-0.0006902217864990234, 0.009253501892089844, -0.00011038780212402344, 0.006826639175415039, 0.0003876686096191406, 0.0008974075317382812, 0.014532089233398438, -0.00010991096496582031, -0.0007758140563964844, 0.000240325927734375, -0.00016188621520996094, -0.001361846923828125, -0.010666847229003906, -0.0005140304565429688, 0.000980377197265625, -0.0002014636993408203, 0.0002751350402832031, -0.0003452301025390625, 2.384185791015625e-07, 0.00021767616271972656, 0.003616809844970703, -0.0007016658782958984, -0.0003504753112792969, 0.005218505859375, -0.0005283355712890625, -0.0006597042083740234, -0.002309083938598633, 0.00455927848815918, 0.0006809234619140625, -0.00015020370483398438, 0.009516477584838867, -0.009542226791381836, -0.00042319297790527344, 0.04867744445800781, -0.0004992485046386719, 0.03162503242492676, -0.0012617111206054688, -0.00011706352233886719, 0.030487775802612305, -0.0015592575073242188, 0.00014400482177734375, -8.106231689453125e-06, -0.0012657642364501953, 0.003356456756591797, 0.009899616241455078]"
durbin,"[-0.003451108932495117, 8.344650268554688e-05, 0.00015616416931152344, -0.008501291275024414, 1.5020370483398438e-05, 0.0003712177276611328, 0.023404836654663086, -0.00021958351135253906, 0.00018906593322753906, -2.0265579223632812e-05, -7.653236389160156e-05, -0.0011785030364990234, 0.0007092952728271484, -0.0046825408935546875, 0.0001285076141357422, 0.00017404556274414062, -0.00024080276489257812, 0.00010204315185546875, -0.0009360313415527344, 0.0011131763458251953, 0.0023565292358398438, -0.0002532005310058594, -0.006348609924316406, 0.02207183837890625, 0.0006067752838134766, 0.0005638599395751953, 0.0014042854309082031, -0.0006830692291259766, 0.00010323524475097656, -0.0008571147918701172, -0.0008654594421386719, -0.0003490447998046875, -0.0007684230804443359, 0.043090105056762695, 8.225440979003906e-05, 0.05564165115356445, -0.0030019283294677734, -0.0005822181701660156, 0.05598759651184082, 0.0003559589385986328, -0.0007257461547851562, -0.0005142688751220703, -0.0012850761413574219, -0.00011491775512695312, 0.003582000732421875]"
fdtd-2d,"[0.0030913352966308594, -0.043966054916381836, 0.011234045028686523, -0.03174185752868652, -0.015015363693237305, -0.03524351119995117, 0.006528139114379883, -0.021320343017578125, 0.00047850608825683594, -0.022197246551513672, -0.010279178619384766, -0.014564990997314453, 0.003126382827758789, -0.01418161392211914, -0.005813121795654297, -0.023276090621948242, 0.003985166549682617, -0.03565645217895508, 0.005951642990112305, -0.03551363945007324, -0.04520916938781738, -0.017453908920288086, 0.002582550048828125, 0.0543057918548584, -0.007886171340942383, -0.03672671318054199, -0.0005145072937011719, 0.007520914077758789, 0.0029938220977783203, -0.028915882110595703, -0.004674673080444336, -0.013074398040771484, -0.0036978721618652344, 0.06153416633605957, -0.0038678646087646484, 0.04143095016479492, 0.0012195110321044922, -0.021254777908325195, 0.0849447250366211, -0.013027191162109375, -0.0077097415924072266, -0.05042290687561035, -0.00011706352233886719, -0.012655019760131836, -0.0003056526184082031]"
floyd-warshall,"[-0.02024674415588379, -0.0012736320495605469, 3.743171691894531e-05, -8.7738037109375e-05, 0.0002052783966064453, 0.0011832714080810547, 0.021599292755126953, 0.0002799034118652344, -0.0010173320770263672, -4.7206878662109375e-05, -0.0005321502685546875, -0.0003006458282470703, 0.001463174819946289, 0.0011928081512451172, -0.00015997886657714844, -0.0009646415710449219, -4.100799560546875e-05, -0.0004734992980957031, -0.0008358955383300781, 0.0008466243743896484, 0.0027129650115966797, -2.09808349609375e-05, -0.0004515647888183594, 0.018529891967773438, -0.001672506332397461, 0.0009462833404541016, -1.3589859008789062e-05, 0.004480600357055664, 7.653236389160156e-05, -3.337860107421875e-06, -9.989738464355469e-05, -0.00010323524475097656, -0.0007894039154052734, 0.03259563446044922, -0.0010526180267333984, 0.01721978187561035, -0.0003104209899902344, -0.0001952648162841797, 0.017754316329956055, 8.20159912109375e-05, -0.00010180473327636719, -0.0005617141723632812, -0.00449061393737793, 0.0003139972686767578, 0.0003883838653564453]"
gemm,"[0.028222084045410156, -0.0007665157318115234, 0.002730131149291992, 0.034822702407836914, -0.0005376338958740234, -0.0010352134704589844, 0.050789594650268555, -0.0011589527130126953, -0.0002884864807128906, 0.03794217109680176, -0.0010814666748046875, 0.0025260448455810547, 0.011981010437011719, 0.00018024444580078125, -0.0002503395080566406, 0.03334164619445801, 0.00011110305786132812, -0.000629425048828125, 0.02797412872314453, -4.553794860839844e-05, 0.004590749740600586, 0.025168180465698242, -6.67572021484375e-05, 0.008048295974731445, 0.019397258758544922, -0.0006763935089111328, 0.00025272369384765625, 0.041913747787475586, -0.0012502670288085938, -0.00043463706970214844, 0.023845911026000977, -0.0006146430969238281, -0.0005373954772949219, 0.07814478874206543, 0.000985860824584961, 0.02591538429260254, 0.0021619796752929688, 0.0002932548522949219, 0.026410579681396484, 0.027164220809936523, -5.7220458984375e-05, -0.0003008842468261719, 0.024168968200683594, -0.00010538101196289062, -0.000400543212890625]"
gemver,"[-7.605552673339844e-05, 0.00025963783264160156, -0.0009033679962158203, 0.001916646957397461, -0.0004513263702392578, -0.0016064643859863281, 0.042283058166503906, -0.00107574462890625, 0.0004584789276123047, -0.003202199935913086, 0.0001990795135498047, 0.00186920166015625, -0.006727457046508789, 0.00016069412231445312, -0.002389192581176758, 0.003964424133300781, 0.0009725093841552734, 0.0006186962127685547, -0.0051136016845703125, -0.0002663135528564453, -0.01967787742614746, -0.01905679702758789, -0.001577138900756836, 0.02823662757873535, 0.002861499786376953, -0.006014585494995117, -0.0001513957977294922, 0.014241933822631836, 0.0018165111541748047, -0.009266376495361328, 0.0016818046569824219, -0.001995563507080078, -0.0026175975799560547, 0.07568836212158203, -0.00057220458984375, 0.056455135345458984, 0.0004379749298095703, 0.006714582443237305, 0.047154903411865234, -0.00019168853759765625, 0.009759664535522461, 0.0034677982330322266, 0.004624843597412109, -0.0004134178161621094, -0.0030035972595214844]"
gesummv,"[0.0003998279571533203, 0.0011799335479736328, -0.034194231033325195, 0.0031905174255371094, 0.006026744842529297, 0.025575637817382812, 0.043198347091674805, -0.025721311569213867, 0.005956411361694336, 0.0003287792205810547, 0.025088787078857422, -0.0008268356323242188, -0.007503032684326172, -0.00015854835510253906, 0.006188392639160156, -0.0009353160858154297, -0.03283524513244629, -0.005763530731201172, -0.00032401084899902344, 0.00014352798461914062, 0.003976345062255859, 0.029828786849975586, -0.0008840560913085938, 0.0037872791290283203, -0.006188392639160156, 0.010775089263916016, 0.027546167373657227, 0.011125802993774414, -0.03393840789794922, -0.00019049644470214844, 0.0027430057525634766, 0.016042232513427734, -0.0004496574401855469, 0.038463592529296875, -0.006072044372558594, 0.0546722412109375, 0.028086185455322266, 0.006188392639160156, 0.008626461029052734, -0.003412008285522461, -0.0006864070892333984, -0.0012090206146240234, 3.314018249511719e-05, 0.006012439727783203, -0.0061893463134765625]"
gramschmidt,"[-0.0001685619354248047, -8.130073547363281e-05, -0.0003094673156738281, 0.022463321685791016, -0.0006763935089111328, 0.0008568763732910156, -0.03762984275817871, -7.319450378417969e-05, 0.0009481906890869141, 0.0003368854522705078, 0.022671937942504883, 0.00013780593872070312, 0.001519918441772461, -0.015123128890991211, 9.202957153320312e-05, -0.0009517669677734375, 0.00017213821411132812, 0.026743173599243164, -0.0010552406311035156, 0.0020172595977783203, -0.04609036445617676, -1.3589859008789062e-05, -0.001567840576171875, 0.006144046783447266, 0.021970748901367188, 0.0010259151458740234, 0.0003364086151123047, -0.01758122444152832, 2.1457672119140625e-05, -0.0005140304565429688, -0.0004074573516845703, 0.03169131278991699, -9.703636169433594e-05, 0.017017364501953125, -0.015191078186035156, 0.014170646667480469, -0.0014421939849853516, -0.0001342296600341797, 0.03610515594482422, 0.0013849735260009766, 0.0010097026824951172, -0.02879166603088379, 0.0006225109100341797, 0.00041794776916503906, -0.0004208087921142578]"
heat-3d,"[-0.0003027915954589844, 5.91278076171875e-05, 0.019466161727905273, -0.003038167953491211, -0.035103559494018555, 6.604194641113281e-05, 0.06323838233947754, 0.020450353622436523, 0.0024526119232177734, -0.04270052909851074, 0.003061532974243164, 0.0021941661834716797, 0.02347421646118164, -0.0005154609680175781, -0.019440412521362305, 0.0002410411834716797, 0.0034689903259277344, 0.03180360794067383, -0.002419710159301758, -0.04457211494445801, -0.005738258361816406, 0.0035581588745117188, 0.03354382514953613, 0.08490180969238281, -0.01910400390625, 0.002622365951538086, 0.005872488021850586, 0.0626220703125, 0.0022618770599365234, -0.017039060592651367, -0.004983663558959961, -9.989738464355469e-05, 0.03670668601989746, 0.07837414741516113, -0.028614521026611328, 0.04608511924743652, -0.00017404556274414062, 0.03910374641418457, 0.04600167274475098, -0.026976585388183594, -0.002025604248046875, -0.0008769035339355469, 0.024300098419189453, -3.814697265625e-06, -0.037732839584350586]"
jacobi-1d,"[-0.00033283233642578125, -0.002901792526245117, -9.918212890625e-05, -0.00014328956604003906, -3.814697265625e-06, -0.0004851818084716797, 0.014949560165405273, -0.000942230224609375, -5.698204040527344e-05, -9.512901306152344e-05, -0.000453948974609375, -0.0008802413940429688, -0.0004935264587402344, -0.0007121562957763672, -0.00023317337036132812, 0.003236055374145508, -0.0002593994140625, -0.0003814697265625, -0.00014972686767578125, 0.0005397796630859375, 0.0003750324249267578, -0.0004513263702392578, -0.00022792816162109375, 0.018978118896484375, -0.0011668205261230469, -0.0007379055023193359, 4.506111145019531e-05, 0.0009839534759521484, -0.0005900859832763672, -0.029540300369262695, -7.128715515136719e-05, -0.0035429000854492188, 0.0001919269561767578, 0.017002344131469727, 0.0007250308990478516, 0.016520261764526367, 0.01819586753845215, 0.00044846534729003906, 0.0165865421295166, -0.017814159393310547, 0.0003457069396972656, -0.000164031982421875, -0.0008571147918701172, 0.00035953521728515625, -0.00018358230590820312]"
jacobi-2d,"[-0.006060600280761719, 0.0052678585052490234, -0.004975795745849609, 0.043450117111206055, -0.016031980514526367, -0.0047609806060791016, 0.046250343322753906, -7.3909759521484375e-06, 0.0007212162017822266, 0.03783750534057617, 0.0015676021575927734, 0.005182743072509766, 0.04618430137634277, 0.007198810577392578, -0.0014531612396240234, 0.022068023681640625, -0.004987478256225586, 0.0033042430877685547, 0.028900861740112305, 0.006104230880737305, -0.0009565353393554688, 0.027686357498168945, -0.0007293224334716797, 0.026180267333984375, 0.03901410102844238, 0.0005602836608886719, 0.006758689880371094, 0.05808424949645996, -0.0009188652038574219, 0.0013082027435302734, 0.02863931655883789, -8.249282836914062e-05, 4.839897155761719e-05, 0.06864738464355469, -0.002434253692626953, 0.023230552673339844, 0.0009703636169433594, 0.005738258361816406, 0.023624897003173828, 0.0015673637390136719, -0.01462864875793457, 0.004370927810668945, 0.0074579715728759766, -0.0014514923095703125, -0.00013303756713867188]"
lu,"[0.00017571449279785156, 0.00418543815612793, -0.00015234947204589844, -0.0033502578735351562, 0.0015401840209960938, -0.00034117698669433594, 0.044548749923706055, -0.0037746429443359375, -0.004244327545166016, -3.1948089599609375e-05, 0.0006091594696044922, 0.00416874885559082, 0.0007331371307373047, -0.0317230224609375, 0.018422603607177734, -0.02812933921813965, -0.0001766681671142578, -0.0035986900329589844, -0.00014901161193847656, -0.0032567977905273438, 0.006716251373291016, -6.747245788574219e-05, -5.125999450683594e-05, 0.029685020446777344, 0.00032329559326171875, 0.001415252685546875, -0.0005483627319335938, -0.0075664520263671875, -0.002543210983276367, -0.02763199806213379, -0.006223201751708984, 0.0031392574310302734, 0.0019953250885009766, 0.08607053756713867, 0.0009500980377197266, 0.043616294860839844, 9.34600830078125e-05, 0.00013065338134765625, 0.049932003021240234, 0.0001862049102783203, -0.0005612373352050781, -0.0001385211944580078, -0.00040793418884277344, 0.004267215728759766, -0.0009157657623291016]"
ludcmp,"[8.940696716308594e-05, 0.0006549358367919922, 0.0008649826049804688, 5.91278076171875e-05, 0.023860692977905273, 0.0003807544708251953, 0.03571271896362305, -0.001979827880859375, -0.023483991622924805, -0.0007328987121582031, 0.053725242614746094, 2.8848648071289062e-05, -0.0004971027374267578, 0.0007691383361816406, -0.0008206367492675781, 0.0005125999450683594, -2.6226043701171875e-05, 0.00025916099548339844, 0.023856401443481445, -0.0005371570587158203, -0.1797339916229248, -0.00018978118896484375, 0.001020669937133789, 0.026110172271728516, 0.0010271072387695312, -0.018985509872436523, 0.023833751678466797, 0.011849641799926758, 5.9604644775390625e-06, -0.03816509246826172, 0.00042438507080078125, -0.0001385211944580078, 3.0994415283203125e-05, 0.05648183822631836, 0.00044798851013183594, 0.0569920539855957, 0.0004191398620605469, 0.001150369644165039, 0.056217193603515625, -0.0008108615875244141, 0.00029659271240234375, -0.02601170539855957, 0.0006649494171142578, -0.0009057521820068359, 0.0008759498596191406]"
mvt,"[-0.0034570693969726562, 0.0023162364959716797, -0.024540185928344727, 0.0021195411682128906, 0.0019161701202392578, 0.002337217330932617, 0.02637028694152832, 0.0016252994537353516, 0.002702951431274414, -0.00032782554626464844, -0.007517337799072266, -0.002225160598754883, -0.03388547897338867, -0.004698753356933594, 0.0020148754119873047, 0.023398399353027344, -0.00032806396484375, 0.0023338794708251953, -0.0018858909606933594, 0.00043654441833496094, 0.037935495376586914, 0.0016624927520751953, -0.027196645736694336, 0.016400814056396484, -0.001967906951904297, -0.0003466606140136719, 0.0021746158599853516, 0.002092123031616211, -0.00047206878662109375, -0.00018215179443359375, 0.004212617874145508, -0.0001506805419921875, -0.008285760879516602, 0.04828786849975586, -0.0005025863647460938, 0.03369426727294922, -0.00018715858459472656, 0.0001373291015625, 0.03562474250793457, 0.002851247787475586, 0.0003795623779296875, -0.0022079944610595703, -0.042371273040771484, 0.0005617141723632812, 0.002465486526489258]"
nussinov,"[0.006795167922973633, -0.004087686538696289, 0.01766490936279297, -0.024315595626831055, -0.028708457946777344, 0.000179290771484375, 0.05270552635192871, -0.0007579326629638672, -0.001352071762084961, -0.006113529205322266, 0.005303859710693359, 0.006628274917602539, 0.025292158126831055, 0.002893209457397461, -0.0007715225219726562, -0.0008459091186523438, 0.005229949951171875, -0.0014050006866455078, 0.0019304752349853516, -0.017625808715820312, 0.005770444869995117, -0.01804828643798828, 0.0407872200012207, 0.07992815971374512, 0.002103090286254883, 0.00069427490234375, -0.0002837181091308594, 0.012755870819091797, 0.004257917404174805, -3.361701965332031e-05, 0.0009894371032714844, -0.003272533416748047, -0.0030841827392578125, 0.07193756103515625, 0.0005433559417724609, 0.049867868423461914, 0.006163120269775391, -0.006973743438720703, 0.04820585250854492, -0.0012066364288330078, 0.005445718765258789, -0.004381418228149414, 0.0018334388732910156, -0.002096414566040039, -2.0503997802734375e-05]"
seidel-2d,"[0.00797414779663086, 0.0019669532775878906, -0.000354766845703125, -0.043916940689086914, 5.745887756347656e-05, 0.0005228519439697266, 0.08377265930175781, 0.014514684677124023, -0.02926921844482422, -0.00906825065612793, -0.013938665390014648, 0.0007531642913818359, 0.014030933380126953, 0.00014710426330566406, 0.01445150375366211, 0.011459112167358398, -0.015671253204345703, 0.004276752471923828, -0.00029468536376953125, 0.0068454742431640625, -0.010813713073730469, -0.0030684471130371094, 0.00569462776184082, 0.08027386665344238, 0.013748407363891602, -0.01629638671875, -0.0002040863037109375, 0.0068817138671875, 0.025187015533447266, 0.005998134613037109, -0.014832496643066406, -3.457069396972656e-05, 0.013334035873413086, 0.07002902030944824, -0.03207540512084961, 0.050306081771850586, -0.0007653236389160156, 0.02096414566040039, 0.05250906944274902, 0.009890556335449219, -0.011644601821899414, 0.0002913475036621094, -0.0007696151733398438, 0.011697053909301758, 0.01146554946899414]"
symm,"[0.021153926849365234, 0.0005123615264892578, 0.0007176399230957031, -0.02763533592224121, -0.00021529197692871094, 0.0008747577667236328, -0.01154017448425293, 0.029103517532348633, -0.0002028942108154297, -0.0006327629089355469, -0.029197216033935547, -0.0014314651489257812, -6.270408630371094e-05, 0.001088857650756836, 0.03072214126586914, -0.0002727508544921875, 1.6927719116210938e-05, -0.028220415115356445, -4.76837158203125e-07, -0.00011873245239257812, 0.0008194446563720703, 0.02819347381591797, 4.506111145019531e-05, 0.005232572555541992, -0.03148078918457031, -0.00026035308837890625, 0.00017786026000976562, 0.0007414817810058594, 0.05116462707519531, 0.000530242919921875, 0.0001964569091796875, -0.02277660369873047, 0.0004513263702392578, 0.02193307876586914, -0.004767894744873047, 0.04807782173156738, 0.0005590915679931641, 0.00022745132446289062, -0.008697748184204102, 0.00010919570922851562, 0.00020265579223632812, -0.0003783702850341797, 0.025033950805664062, -0.00014066696166992188, 0.0002315044403076172]"
syr2k,"[0.04932880401611328, 0.00038051605224609375, 0.0005097389221191406, -0.0005981922149658203, 0.0004277229309082031, -0.00022983551025390625, 0.014893293380737305, 6.723403930664062e-05, -0.00010657310485839844, 0.0029060840606689453, 0.0002608299255371094, -0.005555868148803711, -0.0004639625549316406, -0.006527900695800781, 0.0006885528564453125, 0.00012159347534179688, -0.0009951591491699219, 0.0003211498260498047, 0.0003025531768798828, 0.0004334449768066406, 0.0167844295501709, 0.0007641315460205078, -0.0001811981201171875, 0.013110160827636719, -0.0001690387725830078, -0.0006513595581054688, -0.0011086463928222656, 0.004853963851928711, -0.00039124488830566406, -0.00037741661071777344, -0.0003407001495361328, 0.00012135505676269531, 0.0005066394805908203, 0.034529685974121094, -8.797645568847656e-05, 0.0220947265625, -0.00031495094299316406, 0.00017023086547851562, 0.021233797073364258, -0.0002434253692626953, -0.0007908344268798828, 0.00028061866760253906, -0.006435871124267578, -5.221366882324219e-05, -0.0002961158752441406]"
syrk,"[0.0004563331604003906, 0.0002758502960205078, -0.0024895668029785156, 0.021008968353271484, 0.0011944770812988281, 0.0006952285766601562, -0.015727996826171875, -0.0007579326629638672, -0.0001919269561767578, 0.005099773406982422, 0.03375601768493652, 0.004149675369262695, -0.004898786544799805, -0.026962757110595703, 4.935264587402344e-05, 4.3392181396484375e-05, 4.887580871582031e-05, 0.025249004364013672, 0.00044989585876464844, 0.00012087821960449219, -0.019334793090820312, 0.000186920166015625, 4.839897155761719e-05, 0.0059278011322021484, 0.021700382232666016, -0.004738330841064453, -0.00066375732421875, -0.01830124855041504, -0.0006434917449951172, -0.0004658699035644531, -0.004583120346069336, 0.034110307693481445, -0.00016617774963378906, 0.020399093627929688, -6.389617919921875e-05, 0.013615846633911133, 0.0022864341735839844, 0.0011911392211914062, 0.0450444221496582, -0.0005340576171875, -2.1457672119140625e-05, -0.0253908634185791, -0.0008175373077392578, 0.004167079925537109, 0.00014209747314453125]"
trisolv,"[0.0004906654357910156, -0.0004265308380126953, -0.021005868911743164, -0.00011157989501953125, -1.621246337890625e-05, -0.03273510932922363, 0.01612234115600586, -0.0010609626770019531, -0.03225064277648926, -0.0001125335693359375, -0.00032210350036621094, -0.03735542297363281, 0.00012087821960449219, -0.0012009143829345703, -0.025468826293945312, -0.0006051063537597656, -0.00019931793212890625, -0.021759748458862305, -0.00019550323486328125, -0.00042557716369628906, -0.020654916763305664, 4.935264587402344e-05, 0.0002307891845703125, -0.012486457824707031, -0.0001010894775390625, 0.00010919570922851562, -0.029894351959228516, 0.001821756362915039, 0.007888555526733398, -0.03313612937927246, 0.00034332275390625, -5.316734313964844e-05, -0.02055835723876953, 0.031228065490722656, -0.00019288063049316406, 0.02140665054321289, -0.0015006065368652344, 0.000278472900390625, 0.010063886642456055, 3.1948089599609375e-05, 3.4809112548828125e-05, -0.022012948989868164, -0.002207517623901367, 0.008285045623779297, -0.015861034393310547]"
trmm,"[0.0004134178161621094, 0.0003757476806640625, -1.9550323486328125e-05, 0.0009031295776367188, 0.018445968627929688, 0.00016045570373535156, -0.021708250045776367, 0.0001552104949951172, 0.0005218982696533203, 0.023485898971557617, -0.0004038810729980469, -0.001497507095336914, 1.71661376953125e-05, 0.0017552375793457031, 0.0007658004760742188, -0.0005397796630859375, -0.0001494884490966797, -0.0009136199951171875, -0.0014314651489257812, 0.022652387619018555, 0.0046122074127197266, 0.0006320476531982422, 0.0018782615661621094, 0.014640092849731445, -8.940696716308594e-05, 0.00043487548828125, -0.028225183486938477, 0.008404016494750977, 2.384185791015625e-05, -0.00021600723266601562, -0.0004584789276123047, -0.001119375228881836, 0.0004603862762451172, 0.04470992088317871, -0.001386404037475586, 0.034323692321777344, -0.00017976760864257812, -0.0004944801330566406, 0.03322100639343262, -0.010467052459716797, -0.00028204917907714844, -0.01916646957397461, -0.0019516944885253906, -6.127357482910156e-05, -0.002520322799682617]"
